-- ==============================================================================
-- ALSINI PHYSICS: SCHEME OF WORK SUMMARY SCHEMA & DATA (CORRECTED MAPPING)
-- ==============================================================================

-- DROP OLD INCORRECT TABLES IF THEY EXIST
DROP TABLE IF EXISTS questions CASCADE;
DROP TABLE IF EXISTS resources CASCADE;
DROP TABLE IF EXISTS activities CASCADE;
DROP TABLE IF EXISTS specification_points CASCADE;
DROP TABLE IF EXISTS sections CASCADE;
DROP TABLE IF EXISTS chapters CASCADE;
DROP TABLE IF EXISTS units CASCADE;

-- ------------------------------------------------------------------------------
-- 1. SCHEMA DESIGN
-- ------------------------------------------------------------------------------

CREATE TABLE units (
    id UUID PRIMARY KEY,
    title VARCHAR(255) NOT NULL,
    created_at TIMESTAMP WITH TIME ZONE DEFAULT NOW()
);

CREATE TABLE chapters (
    id UUID PRIMARY KEY,
    unit_id UUID REFERENCES units(id) ON DELETE CASCADE,
    title VARCHAR(255) NOT NULL,
    created_at TIMESTAMP WITH TIME ZONE DEFAULT NOW()
);

CREATE TABLE specification_points (
    id UUID PRIMARY KEY,
    chapter_id UUID REFERENCES chapters(id) ON DELETE CASCADE,
    reference_code VARCHAR(50) NOT NULL,
    description TEXT NOT NULL,
    is_physics_only BOOLEAN DEFAULT false,
    created_at TIMESTAMP WITH TIME ZONE DEFAULT NOW()
);

CREATE TABLE activities (
    id UUID PRIMARY KEY,
    specification_point_id UUID REFERENCES specification_points(id) ON DELETE CASCADE,
    description TEXT NOT NULL,
    created_at TIMESTAMP WITH TIME ZONE DEFAULT NOW()
);

CREATE TABLE resources (
    id UUID PRIMARY KEY,
    specification_point_id UUID REFERENCES specification_points(id) ON DELETE CASCADE,
    title VARCHAR(255) NOT NULL,
    created_at TIMESTAMP WITH TIME ZONE DEFAULT NOW()
);

CREATE TABLE questions (
    id UUID PRIMARY KEY,
    specification_point_id UUID REFERENCES specification_points(id) ON DELETE CASCADE,
    question_pdf_url TEXT,
    mark_scheme_pdf_url TEXT,
    created_at TIMESTAMP WITH TIME ZONE DEFAULT NOW()
);

-- Indexing for high-performance reading
CREATE INDEX idx_chapters_unit_id ON chapters(unit_id);
CREATE INDEX idx_spec_points_chapter_id ON specification_points(chapter_id);
CREATE INDEX idx_spec_points_code ON specification_points(reference_code);
CREATE INDEX idx_activities_spec_id ON activities(specification_point_id);
CREATE INDEX idx_resources_spec_id ON resources(specification_point_id);
CREATE INDEX idx_questions_spec_id ON questions(specification_point_id);

-- ------------------------------------------------------------------------------
-- 2. DATA SEEDING
-- ------------------------------------------------------------------------------
INSERT INTO units (id, title) VALUES
('09dfbc8f-8eba-4389-ad71-a4a70beb6a6a', '2'),
('84321b39-dfc5-4265-acc2-17ac7c5add7a', 'Forces and motion'),
('c2503132-ad51-46e7-b4d0-4c5ff4daddf2', 'Electricity'),
('895803f6-5835-451b-adb9-35dbfe1ce6df', 'Waves'),
('aaddd7b1-f762-4035-b5c6-e1f209819d3e', 'Energy resources and energy transfer'),
('a46a268f-0a4c-42e8-aec6-9381651c28e8', 'Solids, liquids and gases'),
('624b2a94-c0ad-43d1-a638-ba6d40b4a925', 'Magnetism and electromagnetism'),
('a1b75a1a-4535-4ba7-9808-d487fc042504', 'Radioactivity and particles'),
('9b67251b-62dd-435d-b067-46ece54b5724', 'Astrophysics');

INSERT INTO chapters (id, unit_id, title) VALUES
('065a3756-eb03-477d-b4a8-5d0e299e8045', '09dfbc8f-8eba-4389-ad71-a4a70beb6a6a', NULL),
('ddefce13-7528-43be-aec5-5bf347b432bf', '84321b39-dfc5-4265-acc2-17ac7c5add7a', 'Movement and position'),
('3f838e2d-5456-4670-ad76-c5ff572b9b8d', '84321b39-dfc5-4265-acc2-17ac7c5add7a', 'Forces and shape'),
('787512bc-6ad9-49c2-b55b-e74295d208e8', '84321b39-dfc5-4265-acc2-17ac7c5add7a', 'Forces and movement'),
('9e96d9a7-8d1c-4a10-bfc4-2d3b9217c361', '84321b39-dfc5-4265-acc2-17ac7c5add7a', 'Momentum'),
('a3fe1fcc-78a2-49ba-a2f8-19221d3ec61d', '84321b39-dfc5-4265-acc2-17ac7c5add7a', 'The turning effects of forces'),
('1f026b58-2e39-4819-ac0d-89c660d3a505', 'c2503132-ad51-46e7-b4d0-4c5ff4daddf2', 'Mains electricity'),
('0592b5d2-93d8-4e30-9cdb-b88360fdf432', 'c2503132-ad51-46e7-b4d0-4c5ff4daddf2', 'Current and voltage in circuits'),
('79ef030b-b2ad-4848-b594-02b337770aa9', 'c2503132-ad51-46e7-b4d0-4c5ff4daddf2', 'Electrical resistance'),
('23a70106-96c3-4bca-b4f6-206a89a81476', 'c2503132-ad51-46e7-b4d0-4c5ff4daddf2', 'Electric charge'),
('5af5f9cd-75aa-400a-b9d1-4dd0bf59b9e0', '895803f6-5835-451b-adb9-35dbfe1ce6df', 'Properties of waves'),
('abf8a9d5-be6b-462e-b623-0af4a4840fa0', '895803f6-5835-451b-adb9-35dbfe1ce6df', 'The electromagnetic spectrum'),
('a454a42a-089c-4f91-b857-e5aec78cd133', '895803f6-5835-451b-adb9-35dbfe1ce6df', 'Light waves'),
('3f645464-3072-42f6-a3a6-f36704304368', '895803f6-5835-451b-adb9-35dbfe1ce6df', 'Sound'),
('2b72c85d-949a-4f6a-89cc-8085846dc6c3', 'aaddd7b1-f762-4035-b5c6-e1f209819d3e', 'Energy transfers'),
('2e983e6f-48db-4fbb-be55-3a16128e75ec', 'aaddd7b1-f762-4035-b5c6-e1f209819d3e', 'Thermal energy'),
('9cee6b64-1f62-4f91-a831-1397f8c39dbd', 'aaddd7b1-f762-4035-b5c6-e1f209819d3e', 'Work and power'),
('c56e410b-9e5b-477c-b8ba-eb4766710b75', 'aaddd7b1-f762-4035-b5c6-e1f209819d3e', 'Energy resources and electricity generation'),
('06e4ebcf-8b66-4e62-a839-c8a0f3599c30', 'a46a268f-0a4c-42e8-aec6-9381651c28e8', 'Density and pressure'),
('756c5919-303e-4da9-9279-0efda7d25205', 'a46a268f-0a4c-42e8-aec6-9381651c28e8', 'Solids, liquids, and gases'),
('6fb0a72a-bac5-4c44-8044-3610fa1d8937', '624b2a94-c0ad-43d1-a638-ba6d40b4a925', 'Magnetism and electromagnetism'),
('66d4614d-6bc6-4b63-8e34-c339b1545088', '624b2a94-c0ad-43d1-a638-ba6d40b4a925', 'Electric motors and electromagnetic induction'),
('88d40e2b-5a36-4cf3-b775-3381da9909db', 'a1b75a1a-4535-4ba7-9808-d487fc042504', 'Atoms and radioactivity'),
('44f6fe5e-adde-4d6e-bbf7-1e2330df6928', 'a1b75a1a-4535-4ba7-9808-d487fc042504', 'Radiation and half-life'),
('d588e534-5b1d-45aa-9ddf-5a1efa513aeb', 'a1b75a1a-4535-4ba7-9808-d487fc042504', 'Applications of radioactivity'),
('078c213c-09d3-4453-b871-90b91a7d4487', 'a1b75a1a-4535-4ba7-9808-d487fc042504', 'Fission and fusion'),
('a02f5b00-2a2f-4e8c-85de-4c5928a2c0db', '9b67251b-62dd-435d-b067-46ece54b5724', 'Motion in the Universe'),
('eaba639a-e5e2-4cdf-83e5-ba7b613acf3d', '9b67251b-62dd-435d-b067-46ece54b5724', 'Stellar evolution'),
('c854a76c-80ff-4da8-bf34-d756e8329eb3', '9b67251b-62dd-435d-b067-46ece54b5724', 'Cosmology');

INSERT INTO specification_points (id, chapter_id, reference_code, description, is_physics_only) VALUES
('afbfd5b0-ea47-41b3-b4d5-49aadf92149e', '065a3756-eb03-477d-b4a8-5d0e299e8045', 'Unit name', 'Section', false),
('859137b8-2d9a-4926-9566-8c39fd232fbd', 'ddefce13-7528-43be-aec5-5bf347b432bf', '1.1', 'use the following units: metre/second (m/s), metre/second2(m/s2), second (s)', false),
('15bc5a79-b22b-48e7-9efd-4d5c70ed5e36', 'ddefce13-7528-43be-aec5-5bf347b432bf', '1.3', 'plot and explain distance-time graphs', false),
('87af83ee-4d9a-4c00-9682-cde1e197c192', 'ddefce13-7528-43be-aec5-5bf347b432bf', '1.4', 'know and use the relationship between average speed, distance moved and time taken: average speed = distance moved/time taken', false),
('2dbb27a6-298c-4600-a9fb-ec612d9f307e', 'ddefce13-7528-43be-aec5-5bf347b432bf', '1.5', 'practical: investigate the motion of everyday objects such as toy cars or tennis balls', false),
('f4028f10-ed8e-49d1-8313-3779a63f66ae', 'ddefce13-7528-43be-aec5-5bf347b432bf', '1.6', 'know and use the relationship between acceleration, change in velocity and time taken: acceleration = change in velocity/time taken', false),
('94a545cb-8b07-4ae0-8acb-65e8b1e1635f', 'ddefce13-7528-43be-aec5-5bf347b432bf', '1.7', 'plot and explain velocity-time graphs', false),
('d4d7fddd-2a18-44ec-b2ba-75069c9b3984', 'ddefce13-7528-43be-aec5-5bf347b432bf', '1.8', 'determine acceleration from the gradient of a velocity-time graph', false),
('9d53d9cc-e3b6-4055-a840-214c34b594c9', 'ddefce13-7528-43be-aec5-5bf347b432bf', '1.9', 'determine the distance travelled from the area between a velocity-time graph and the time axis', false),
('d26e76a1-bd20-431e-973b-4c8a99213c38', 'ddefce13-7528-43be-aec5-5bf347b432bf', '1.10', 'use the relationship between final speed, initial speed, acceleration and distance moved: (final speed)2=(initial speed)2+(2× acceleration × distance moved), v2=u2+(2× a× s)', false),
('fabd90b1-04e1-49e9-ad2a-8495fcaa3e7b', '3f838e2d-5456-4670-ad76-c5ff572b9b8d', '1.11', 'describe the effects of forces between bodies such as changes in speed, shape or direction', false),
('057a5da0-3924-4fdb-b6e4-8720343b2a36', '3f838e2d-5456-4670-ad76-c5ff572b9b8d', '1.12', 'identify different types of force such as gravitational or electrostatic', false),
('08abd9d8-9a55-497d-8f3b-2e13e17f4062', '3f838e2d-5456-4670-ad76-c5ff572b9b8d', '1.13', 'understand how vector quantities differ from scalar quantities', false),
('5b390a49-ff3d-4158-8e82-771f7dc4887d', '3f838e2d-5456-4670-ad76-c5ff572b9b8d', '1.14', 'understand that force is a vector quantity', false),
('5daf941e-5229-43e6-9628-9251dd1b7926', '3f838e2d-5456-4670-ad76-c5ff572b9b8d', '1.15', 'calculate the resultant force of forces that act along a line', false),
('2a54cb68-e380-4055-a87f-9d2255fe4b02', '3f838e2d-5456-4670-ad76-c5ff572b9b8d', '1.16', 'know that friction is a force that opposes motion', false),
('abd4377e-1e56-4a33-917c-6fade0f1bfa9', '3f838e2d-5456-4670-ad76-c5ff572b9b8d', '1.22', 'practical: investigate how extension varies with applied force for helical springs, metal wires and rubber bands', false),
('d84c0f20-b2b7-44c6-8352-962d313cb80e', '3f838e2d-5456-4670-ad76-c5ff572b9b8d', '1.23', 'know that the initial linear region of a force-extension graph is associated with Hooke''s law', false),
('7707037c-cba8-4e09-843a-7f1c4bc7acac', '3f838e2d-5456-4670-ad76-c5ff572b9b8d', '1.24', 'describe elastic behaviour as the ability of a material to recover its original shape after the forces causing deformation have been removed', false),
('aa1de7e0-eedb-4f5b-93ed-12ab6960e272', '787512bc-6ad9-49c2-b55b-e74295d208e8', '1.17', 'know and use the relationship between unbalanced force, mass and acceleration: force = mass × acceleration, F=m×a', false),
('676e1782-e85c-47fb-beaa-015e145bb09f', '787512bc-6ad9-49c2-b55b-e74295d208e8', '1.18', 'know and use the relationship between weight, mass and gravitational field strength: weight = mass × gravitational field strength, W=m×g', false),
('821bea7d-83d4-4a6f-a9c2-3f7548150315', '787512bc-6ad9-49c2-b55b-e74295d208e8', '1.19', 'know that the stopping distance of a vehicle is made up of the sum of the thinking distance and the braking distance', false),
('f9444cba-1faf-46e6-8aa2-f16ba31f2fcf', '787512bc-6ad9-49c2-b55b-e74295d208e8', '1.20', 'describe the factors affecting vehicle stopping distance, including speed, mass, road condition and reaction time', false),
('c05ac13f-71f3-4e36-a29e-3e779562bf3a', '787512bc-6ad9-49c2-b55b-e74295d208e8', '1.21', 'describe the forces acting on falling objects (and explain why falling objects reach a terminal velocity)', false),
('c32c32cc-abd0-466d-b0bc-5f6f03260bb9', '9e96d9a7-8d1c-4a10-bfc4-2d3b9217c361', '1.25P', 'know and use the relationship between momentum, mass and velocity: momentum = mass × velocity, p=m×v', true),
('0801520f-383c-43ed-85cc-aa5e019613f9', '9e96d9a7-8d1c-4a10-bfc4-2d3b9217c361', '1.26P', 'use the idea of momentum to explain safety features', true),
('4347f9d9-1efc-4797-8ee9-7f16e7546ef7', '9e96d9a7-8d1c-4a10-bfc4-2d3b9217c361', '1.27P', 'use the conservation of momentum to calculate the mass, velocity or momentum of objects', true),
('024b33f8-2ad2-4699-85ad-3eb37398fe50', '9e96d9a7-8d1c-4a10-bfc4-2d3b9217c361', '1.28P', 'use the relationship between force, change in momentum and time taken: force = change in momentum/time taken', true),
('63d9f8ce-3dfc-4728-9c34-ee143c8f492a', '9e96d9a7-8d1c-4a10-bfc4-2d3b9217c361', '1.29P', 'demonstrate an understanding of Newton''s third law', true),
('877ff4e3-9327-4517-9c8b-28ced04625e1', 'a3fe1fcc-78a2-49ba-a2f8-19221d3ec61d', '1.30P', 'know and use the relationship between the moment of a force and its perpendicular distance from the pivot: moment = force × perpendicular distance from the pivot', true),
('6cc091c6-e5cd-4567-9940-fba680f82a20', 'a3fe1fcc-78a2-49ba-a2f8-19221d3ec61d', '1.31P', 'know that the weight of a body acts through its centre of gravity', true),
('5cd00887-8617-49ef-90dc-d8c9c003b32b', 'a3fe1fcc-78a2-49ba-a2f8-19221d3ec61d', '1.32P', 'use the principle of moments for a simple system of parallel forces acting in one plane', true),
('c4bbcf2b-6542-4c29-84f0-8a923ad31715', 'a3fe1fcc-78a2-49ba-a2f8-19221d3ec61d', '1.33P', 'understand how the upward forces on a light beam, supported at its ends, vary with the position of a heavy object placed on the beam', true),
('4f6b4fca-4d80-440b-b30d-cc325c241b69', '1f026b58-2e39-4819-ac0d-89c660d3a505', '2.1', 'use the following units: ampere (A), coulomb (C), joule (J), ohm (Ω), second (s), volt (V) and watt (W)', false),
('4cf44f2b-d4c2-4962-9a9d-4a8c27992928', '1f026b58-2e39-4819-ac0d-89c660d3a505', '2.2', 'understand how the use of insulation, double insulation, earthing, fuses and circuit breakers protects the device or user in a range of domestic appliances', false),
('aab2897a-42cd-4bb7-a9ec-1139c30693b6', '1f026b58-2e39-4819-ac0d-89c660d3a505', '2.3', 'understand why a current in a resistor results in the electrical transfer of energy and an increase in temperature, and how this can be used in a variety of domestic contexts', false),
('6f7ca0e5-6bc4-4f1e-8034-af50e07291be', '1f026b58-2e39-4819-ac0d-89c660d3a505', '2.4', 'know and use the relationship between power, current and voltage: power = current × voltage, P = I × V, and apply the relationship to a selection of appropriate fuses', false),
('26e96626-4dca-473d-a4a1-1c3c2e45b6c7', '1f026b58-2e39-4819-ac0d-89c660d3a505', '2.5', 'use the relationship between energy transferred, current, voltage and time: energy transferred = current × voltage × time', false),
('b7ac10fd-a5f7-43d6-b35d-78fc37f55186', '1f026b58-2e39-4819-ac0d-89c660d3a505', '2.6', 'know the difference between mains electricity being alternating current (a.c.) and direct current (d.c.) being supplied by a cell or battery', false),
('20e4cde5-8938-4dd9-b6b9-fb8910207d43', '0592b5d2-93d8-4e30-9cdb-b88360fdf432', '2.7', 'explain why a series or parallel circuit is more appropriate for particular applications, including domestic lighting', false),
('2232abc3-40c9-42ab-b2ab-63d174e55239', '0592b5d2-93d8-4e30-9cdb-b88360fdf432', '2.12', 'know that lamps and LEDs can be used to indicate the presence of a current in a circuit', false),
('22a5f2cc-27e5-4434-a23d-5eb6bc99ad41', '0592b5d2-93d8-4e30-9cdb-b88360fdf432', '2.13', 'know and use the relationship between voltage, current and resistance: voltage = current × resistance, V = I × R', false),
('a10dd69c-ac72-4571-b864-588709039253', '0592b5d2-93d8-4e30-9cdb-b88360fdf432', '2.14', 'know that current is the rate of flow of charge', false),
('4fac70ba-59d8-43e0-b2d2-0f69936edecf', '0592b5d2-93d8-4e30-9cdb-b88360fdf432', '2.15', 'know and use the relationship between charge, current and time: charge = current × time, Q = I × t', false),
('d77ba90a-4bc0-46c5-8054-067474b81d22', '0592b5d2-93d8-4e30-9cdb-b88360fdf432', '2.16', 'know that electric current in solid metallic conductors is a flow of negatively charged electrons', false),
('11688ffc-2b0f-48e4-a6bb-b34167479741', '0592b5d2-93d8-4e30-9cdb-b88360fdf432', '2.17', 'understand why current is conserved at a junction in a circuit', false),
('fd8c9efe-854e-4489-a96d-37476c2f10f0', '0592b5d2-93d8-4e30-9cdb-b88360fdf432', '2.18', 'know that the voltage across two components connected in parallel is the same', false),
('180926a8-139b-4191-8127-aadcdbf52e6d', '0592b5d2-93d8-4e30-9cdb-b88360fdf432', '2.19', 'calculate the currents, voltages and resistances of two resistive components connected in a series circuit', false),
('d0acb3c2-7e0a-4349-a417-d59b8dac3d75', '0592b5d2-93d8-4e30-9cdb-b88360fdf432', '2.20', 'know that: voltage is the energy transferred per unit charge passed; the volt is a joule per coulomb', false),
('698a5186-366a-477a-a6bd-ef345325385d', '0592b5d2-93d8-4e30-9cdb-b88360fdf432', '2.21', 'know and use the relationship between energy transferred, charge and voltage: energy transferred = charge × voltage, E = Q × V', false);

INSERT INTO specification_points (id, chapter_id, reference_code, description, is_physics_only) VALUES
('3f163e11-b047-4312-a612-c5f8a2808798', '79ef030b-b2ad-4848-b594-02b337770aa9', '2.8', 'understand how the current in a series circuit depends on the applied voltage and the number and nature of other components', false),
('b27a04b8-7fa7-496b-a8d9-f0a8c3331941', '79ef030b-b2ad-4848-b594-02b337770aa9', '2.9', 'describe how current varies with voltage in wires, resistors, metal filament lamps and diodes, and how to investigate this experimentally', false),
('98c416cd-6e92-4871-8d9c-6299e8d335a4', '79ef030b-b2ad-4848-b594-02b337770aa9', '2.10', 'describe the qualitative effect of changing resistance on the current in a circuit', false),
('1b53e12b-0c3e-4979-a3ab-5c50d7a942c3', '79ef030b-b2ad-4848-b594-02b337770aa9', '2.11', 'describe the qualitative variation of resistance of light-dependent resistors (LDRs), with illumination and thermistors with temperature', false),
('2e17b84b-ca19-456a-87b0-fddc848e95e4', '79ef030b-b2ad-4848-b594-02b337770aa9', '2.19', 'calculate the currents, voltages and resistances of two resistive components connected in a series circuit', false),
('c452756c-4fc3-44be-8233-9570ed1de3ad', '23a70106-96c3-4bca-b4f6-206a89a81476', '2.22P', 'identify common materials which are electrical conductors or insulators, including metals and plastics', true),
('728c1389-1c83-4dc7-b947-073a8b6085e7', '23a70106-96c3-4bca-b4f6-206a89a81476', '2.23P', 'practical: investigate how insulating materials can be charged by friction', true),
('33e543da-9fef-47ea-ab03-705e90394d39', '23a70106-96c3-4bca-b4f6-206a89a81476', '2.24P', 'explain how positive and negative electrostatic charges are produced on materials by the loss and gain of electrons', true),
('8a319238-6922-4207-909f-528533b6d907', '23a70106-96c3-4bca-b4f6-206a89a81476', '2.25P', 'know that there are forces of attraction between unlike charges and forces of repulsion between like charges', true),
('4b3c2fc1-1256-424a-ac84-68bd47ad2332', '23a70106-96c3-4bca-b4f6-206a89a81476', '2.26P', 'explain electrostatic phenomena in terms of the movement of electrons', true),
('434bd9a0-fdc7-4ee8-ac68-6e8132f10a70', '23a70106-96c3-4bca-b4f6-206a89a81476', '2.27P', 'explain the potential dangers of electrostatic charges, e.g. when fuelling aircraft and tankers', true),
('be42f6bd-c61f-4699-9089-1d3350e24169', '23a70106-96c3-4bca-b4f6-206a89a81476', '2.28P', 'explain some uses of electrostatic charges, e.g. in photocopiers and inkjet printers', true),
('e19275b5-53e9-4cef-af39-86a7c12779d0', '5af5f9cd-75aa-400a-b9d1-4dd0bf59b9e0', '3.1', 'use the following units: degree (*), hertz (Hz), metre (m), metre/second (m/s) and second (s)', false),
('e0e650dd-a7b7-4389-976d-ba09fba06f14', '5af5f9cd-75aa-400a-b9d1-4dd0bf59b9e0', '3.2', 'explain the difference between longitudinal and transverse waves', false),
('dc7bb1b1-2b86-4102-93f7-7cb8102b8c08', '5af5f9cd-75aa-400a-b9d1-4dd0bf59b9e0', '3.3', 'know the definitions of amplitude, wavefront, frequency, wavelength and period of a wave', false),
('76d407ba-f9bb-4900-8ce6-6ae3ef4d87c5', '5af5f9cd-75aa-400a-b9d1-4dd0bf59b9e0', '3.4', 'know that waves transfer energy and information without transferring matter', false),
('4bcfa348-1f14-4ff0-bbae-fa9e25cd0395', '5af5f9cd-75aa-400a-b9d1-4dd0bf59b9e0', '3.5', 'know and use the relationship between the speed, frequency and wavelength of a wave: wave speed = frequency × wavelength, v = f × λ', false),
('2894fe3b-f8b2-46f4-891b-4d2ea4db0025', '5af5f9cd-75aa-400a-b9d1-4dd0bf59b9e0', '3.6', 'use the relationship between frequency and time period: frequency = 1/T', false),
('4b667c5c-db42-42d6-83ee-e75c112736c7', 'abf8a9d5-be6b-462e-b623-0af4a4840fa0', '3.10', 'know that light is part of a continuous electromagnetic spectrum that includes radio, microwave, infrared, visible, ultraviolet, x-ray and gamma ray radiations and that all these waves travel at the same speed in free space', false),
('4f053239-7262-40b5-8e59-784a415167ac', 'abf8a9d5-be6b-462e-b623-0af4a4840fa0', '3.11', 'know the order of the electromagnetic spectrum in terms of decreasing wavelength and increasing frequency, including the colours of the visible spectrum', false),
('3da4c703-b7cc-4e29-b504-ef01d76a77ec', 'abf8a9d5-be6b-462e-b623-0af4a4840fa0', '3.12', 'explain some of the uses of electromagnetic radiations, including: radio waves: broadcasting and communications; microwaves: cooking and satellite transmissions; infrared: heaters and night vision equipment; visible light: optical fibres and photography; ultraviolet: fluorescent lamps; x-rays: observing the internal structure of objects and materials, including for medical applications; gamma rays: sterilising food and medical equipment', false),
('05e9e964-2b5b-466a-a5e2-1c4e721faeaf', 'abf8a9d5-be6b-462e-b623-0af4a4840fa0', '3.13', 'explain the detrimental effects of excessive exposure of the human body to electromagnetic waves, including: microwaves: internal heating of body tissue; infrared: skin burns; ultraviolet: damage to surface cells and blindness; gamma rays: cancer, mutation, and describe simple protective measures against the risks', false),
('acd13a40-6102-4d23-92f5-67ae3ce3a19e', 'a454a42a-089c-4f91-b857-e5aec78cd133', '3.14', 'know that light waves are transverse waves and that they can be reflected and refracted', false),
('990560c7-8d30-407b-8465-6813696770b1', 'a454a42a-089c-4f91-b857-e5aec78cd133', '3.15', 'use the law of reflection (the angle of incidence equals the angle of reflection)', false),
('7fff5f6e-3acf-4ddb-ac0b-84323bcf31dd', 'a454a42a-089c-4f91-b857-e5aec78cd133', '3.16', 'draw ray diagrams to illustrate reflection and refraction', false),
('1324f0bd-6857-4106-ba5f-75d6d606aac2', 'a454a42a-089c-4f91-b857-e5aec78cd133', '3.17', 'practical: investigate the refraction of light, using rectangular blocks, semi-circular blocks and triangular prisms', false),
('15cd2218-2fa8-4eb5-8d24-0ed091cdb55c', 'a454a42a-089c-4f91-b857-e5aec78cd133', '3.18', 'know and use the relationship between refractive index, angle of incidence and angle of refraction:n = sin i /sin r', false),
('775e7a31-268b-4edb-b1b0-c33180f374d7', 'a454a42a-089c-4f91-b857-e5aec78cd133', '3.19', 'practical: investigate the refractive index of glass, using a glass block', false),
('ead38dc2-e2ea-4160-af95-4534d51da325', 'a454a42a-089c-4f91-b857-e5aec78cd133', '3.20', 'describe the role of total internal reflection in transmitting information along optical fibres and in prisms', false),
('5372ee16-b5c0-480f-aecf-5f09bbcbdcdc', 'a454a42a-089c-4f91-b857-e5aec78cd133', '3.21', 'explain the meaning of critical anglec', false),
('2239590d-5ba0-4fbf-b4cf-9add49b13d92', 'a454a42a-089c-4f91-b857-e5aec78cd133', '3.22', 'know and use the relationship between critical angle and refractive index: sinc = 1/n', false),
('4423c05a-5867-435e-bd05-61ca8bec4ac1', 'a454a42a-089c-4f91-b857-e5aec78cd133', '3.23', 'know that sound waves are longitudinal waves which can be reflected and refracted', false),
('38e3a116-9e48-47b8-85c2-1e6b85c91046', '3f645464-3072-42f6-a3a6-f36704304368', '3.24P', 'know that the frequency range for human hearing is 20–20 000 Hz', true),
('bb829592-849d-40ea-b33d-a419705d1e38', '3f645464-3072-42f6-a3a6-f36704304368', '3.25P', 'practical: investigate the speed of sound in air', true),
('7ce948ca-6418-46fc-b258-44baa59588db', '3f645464-3072-42f6-a3a6-f36704304368', '3.26P', 'understand how an oscilloscope and microphone can be used to display a sound wave', true),
('6d4ab862-6780-49c6-a301-d6c12db58afc', '3f645464-3072-42f6-a3a6-f36704304368', '3.27P', 'practical: investigate the frequency of a sound wave using an oscilloscope', true),
('a0413af9-3243-4b06-a590-8bb2fc451e43', '3f645464-3072-42f6-a3a6-f36704304368', '3.28P', 'understand how the pitch of a sound relates to the frequency of vibration of the source', true),
('825ae05c-c5f3-4c5e-a4fc-0a5ee9f5eceb', '3f645464-3072-42f6-a3a6-f36704304368', '3.29P', 'understand how the loudness of a sound relates to the amplitude of vibration of the source', true),
('4a09b82c-efee-4d5f-9aed-9e46a649eb5b', '2b72c85d-949a-4f6a-89cc-8085846dc6c3', '4.1', 'use the following units: kilogram (kg), joule (J), metre (m), metre/second (m/s), metre/second2 (m/s2), newton (N), second (s) and watt (W)', false),
('e287ecee-30f0-4bdc-9342-00e40d2a07a9', '2b72c85d-949a-4f6a-89cc-8085846dc6c3', '4.2', 'describe energy transfers involving energy stores: energy stores: chemical, kinetic, gravitational, elastic, thermal, magnetic, electrostatic, nuclear; energy transfers: mechanically, electrically, by heating, by radiation (light and sound)', false),
('ec8def28-ecd5-4159-b92e-44957eaa406e', '2b72c85d-949a-4f6a-89cc-8085846dc6c3', '4.3', 'use the principle of conservation of energy', false),
('e0e767e2-4c5c-42d6-959b-501eca41ac38', '2b72c85d-949a-4f6a-89cc-8085846dc6c3', '4.4', 'know and use the relationship between efficiency, useful energy output and total energy output: efficiency = useful energy/total energy × 100%', false),
('e009a06e-7c66-4d0c-a125-e1b6ca54cb29', '2b72c85d-949a-4f6a-89cc-8085846dc6c3', '4.5', 'describe a variety of everyday and scientific devices and situations, explaining the transfer of the input energy in terms of the above relationship, including their representation by Sankey diagrams', false),
('a167c22b-60c8-4ba1-94bd-9bd3aaec8870', '2e983e6f-48db-4fbb-be55-3a16128e75ec', '4.6', 'describe how thermal energy transfer may take place by conduction, convection and radiation', false),
('28d8adad-735c-48bd-ba56-c45373027eb2', '2e983e6f-48db-4fbb-be55-3a16128e75ec', '4.7', 'explain the role of convection in everyday phenomena', false),
('1a294468-75f4-46f6-9622-fc41707a8641', '2e983e6f-48db-4fbb-be55-3a16128e75ec', '4.8', 'explain how emission and absorption of radiation are related to surface and temperature', false),
('48e17d14-b8d2-49ae-8c01-c24f5381aebe', '2e983e6f-48db-4fbb-be55-3a16128e75ec', '4.9', 'practical: investigate thermal energy transfer by conduction, convection and radiation', false),
('ac48a636-e3da-4d54-9961-e5380e0e80a1', '2e983e6f-48db-4fbb-be55-3a16128e75ec', '4.10', 'explain ways of reducing unwanted energy transfer, such as insulation', false),
('3dc0fe92-e7bb-4e69-8bc2-a2915cb4f5af', '9cee6b64-1f62-4f91-a831-1397f8c39dbd', '4.11', 'know and use the relationship between work done, force and distance moved in the direction of the force: work done = force × distance moved, W = F × d', false),
('40919d78-0ca7-4b7f-93da-76d267eb73cc', '9cee6b64-1f62-4f91-a831-1397f8c39dbd', '4.12', 'know that work done is equal to energy transferred', false);

INSERT INTO specification_points (id, chapter_id, reference_code, description, is_physics_only) VALUES
('06e61ebd-3402-49b4-bde0-698ee3161a4d', '9cee6b64-1f62-4f91-a831-1397f8c39dbd', '4.13', 'know and use the relationship between gravitational potential energy, mass, gravitational field strength and height: gravitational potential energy = mass × gravitational field strength × height,GPE = m × g × h', false),
('eb8a0a0c-e737-4824-8167-2fe6185b4747', '9cee6b64-1f62-4f91-a831-1397f8c39dbd', '4.14', 'know and use the relationship: kinetic energy = 1/2 × m × v²', false),
('36d0b056-6dd0-4462-8c96-0ee2fde46b6d', '9cee6b64-1f62-4f91-a831-1397f8c39dbd', '4.15', 'understand how conservation of energy produces a link between gravitational potential energy, kinetic energy and work', false),
('ca5764cc-8b3f-477f-966b-236d42b772e4', '9cee6b64-1f62-4f91-a831-1397f8c39dbd', '4.16', 'describe power as the rate of transfer of energy or the rate of doing work', false),
('6c3344dd-efa6-473d-929a-bb443b232a62', '9cee6b64-1f62-4f91-a831-1397f8c39dbd', '4.17', 'use the relationship between power, work done (energy transferred) and time taken: power = work done/time taken, P = W/t', false),
('eaa63624-ea9b-4cec-8359-8f1828689bee', 'c56e410b-9e5b-477c-b8ba-eb4766710b75', '4.18P', 'describe the energy transfers involved in generating electricity using: wind, water, geothermal resources, solar heating systems, solar cells, fossil fuels, nuclear power', true),
('37f03ea4-a7d7-4d9f-bbfc-ad83ad275cd7', 'c56e410b-9e5b-477c-b8ba-eb4766710b75', '4.19P', 'describe the advantages and disadvantages of methods of large-scale electricity production from various renewable and non-renewable resource', true),
('2f3f25a2-54bf-42ad-8bbd-3e307e9b7581', '06e4ebcf-8b66-4e62-a839-c8a0f3599c30', '5.3', 'know and use the relationship between density, mass and volume: density = mass/volume,ρ = m /V', false),
('6914ecc5-f6c6-44ab-bb12-f496a9623d47', '06e4ebcf-8b66-4e62-a839-c8a0f3599c30', '5.4', 'practical: investigate density using direct measurements of mass and volume', false),
('655ced6d-47a5-4f35-9c04-46b22a3f5569', '06e4ebcf-8b66-4e62-a839-c8a0f3599c30', '5.5', 'know and use the relationship between pressure, force and area: pressure = force/area,ρ = F/A', false),
('1f281e93-169a-41d8-90f8-321fdade4e68', '06e4ebcf-8b66-4e62-a839-c8a0f3599c30', '5.6', 'understand how the pressure at a point in a gas or liquid at rest acts equally in all directions', false),
('7fc6cbf9-7960-4dba-92ca-754158e27647', '06e4ebcf-8b66-4e62-a839-c8a0f3599c30', '5.7', 'know and use the relationship for pressure difference: pressure difference = height × density × gravitational field strength, p = h × ρ × g', false),
('37d3f00f-a941-4d90-b44a-847d87204d23', '756c5919-303e-4da9-9279-0efda7d25205', '5.8P', 'explain why heating a system will change the energy stored within thesystem and raise its temperature or produce changes of state', true),
('ad2c9a18-fd2f-45c1-9f47-b14ae2237b3f', '756c5919-303e-4da9-9279-0efda7d25205', '5.9P', 'describe the changes that occur when a solid melts to form a liquid, and when a liquid evaporates or boils to form a gas', true),
('e51bcd06-d1ea-485e-8b52-71b893329caa', '756c5919-303e-4da9-9279-0efda7d25205', '5.10P', 'describe the arrangement and motion of particles in solids, liquids and gases', true),
('c11be9e2-506c-4a42-aacf-e1bdfffec99e', '756c5919-303e-4da9-9279-0efda7d25205', '5.11P', 'practical: obtain a temperature-time graph to show the constant temperature during a change of state', true),
('6db668c5-b6dd-472d-a007-f0698afd54b6', '756c5919-303e-4da9-9279-0efda7d25205', '5.12P', 'know that specific heat capacity is the energy required to change the temperature of an object by one degree Celsius per kilogram of mass (l/kg °C)', true),
('1cd9e95f-afe8-45dd-8017-10f269425115', '756c5919-303e-4da9-9279-0efda7d25205', '5.13P', 'use the equation: change in thermal energy = mass × specific heat capacity × change in temperature, ΔQ = m × c × ΔT', true),
('2bf7c62a-3022-49f7-86fb-dcc46a8ad321', '756c5919-303e-4da9-9279-0efda7d25205', '5.14P', 'practical: investigate the specific heat capacity of materials including water and some solids', true),
('2cc12ecc-a7ce-4b4c-9153-72a58f01f0d1', '756c5919-303e-4da9-9279-0efda7d25205', '5.15', 'explain how molecules in a gas have random motion and that they exert a force and hence a pressure on the walls of a container', false),
('4c0483a2-7fcb-46fb-b4f9-c15587ff43dd', '756c5919-303e-4da9-9279-0efda7d25205', '5.16', 'understand why there is an absolute zero of temperature which is -273 °C', false),
('c967f8f3-0d09-4575-96b9-7295b58430bd', '756c5919-303e-4da9-9279-0efda7d25205', '5.17', 'describe the Kelvin scale of temperature and be able to convert between the Kelvin and Celsius scales', false),
('e4e74469-db81-4df5-aedc-d20d440b0ad9', '756c5919-303e-4da9-9279-0efda7d25205', '5.18', 'understand why an increase in temperature results in an increase in the average speed of gas molecules', false),
('16f498d9-8425-42f2-95e7-2c4177417a53', '756c5919-303e-4da9-9279-0efda7d25205', '5.19', 'know that the Kelvin temperature of a gas is proportional to the average kinetic energy of its molecules', false),
('29a98b33-70c2-4131-a035-15cbfc6baa1e', '756c5919-303e-4da9-9279-0efda7d25205', '5.20', 'explain, for a fixed amount of gas, the qualitative relationship between: pressure and volume at constant temperature; pressure and Kelvin temperature at constant volume', false),
('ad6ebda4-b730-4b2d-8172-8e3cb9b3cd1a', '756c5919-303e-4da9-9279-0efda7d25205', '5.21', 'use the relationship between the pressure and Kelvin temperature of a fixed mass of gas at constant volume: p1/T1 = p2/T2', false),
('e14a95a9-977a-4dfa-8d1a-cb398040fbf8', '756c5919-303e-4da9-9279-0efda7d25205', '5.22', 'use the relationship between the pressure and volume of a fixed mass of gas at constant temperature: p1/V1 = p2/V2', false),
('08d76682-0bf8-4428-bc8b-87905df6d3d4', '6fb0a72a-bac5-4c44-8044-3610fa1d8937', '6.2', 'know that magnets repel and attract other magnets and attract magnetic substances', false),
('0a7b5ada-bbea-44e7-8e38-5073c53734fe', '6fb0a72a-bac5-4c44-8044-3610fa1d8937', '6.3', 'describe the properties of magnetically hard and soft materials', false),
('61bc0f79-4b11-4ce0-9ba7-5510a782bdc2', '6fb0a72a-bac5-4c44-8044-3610fa1d8937', '6.4', 'understand the term magnetic field line', false),
('6433eb8f-2c31-4429-86cd-c5373b87ec2f', '6fb0a72a-bac5-4c44-8044-3610fa1d8937', '6.5', 'know that magnetism is induced in some materials when they are placed in a magnetic field', false),
('603b2dcc-65a1-4fe4-9103-a3f9b368cc0c', '6fb0a72a-bac5-4c44-8044-3610fa1d8937', '6.6', 'practical: investigate the magnetic field pattern for a permanent bar magnet and between two bar magnets', false),
('a1b3849e-1de5-4c01-a39e-ea1c13cc9265', '6fb0a72a-bac5-4c44-8044-3610fa1d8937', '6.7', 'describe how to use two permanent magnets to produce a uniform magnetic field pattern', false),
('5a9c4b25-1f5e-409f-80d9-f26932dcd5c1', '6fb0a72a-bac5-4c44-8044-3610fa1d8937', '6.8', 'know that an electric current in a conductor produces a magnetic field around it', false),
('1be194f3-6921-4a35-823c-f1c5a87b40c1', '6fb0a72a-bac5-4c44-8044-3610fa1d8937', '6.9P', 'describe the construction of electromagnets', true),
('e7198b46-93e1-48d4-bd08-99537ee91863', '6fb0a72a-bac5-4c44-8044-3610fa1d8937', '6.10P', 'draw magnetic field patterns for a straight wire, a flat circular coil and a solenoid when each is carrying a current', true),
('7e80ddbd-881e-4206-bbde-06a473b66fc2', '66d4614d-6bc6-4b63-8e34-c339b1545088', '6.11P', 'know that there is a force on a charged particle when it moves in a magnetic field as long as its motion is not parallel to the field', true),
('ad0ba180-4a58-4f9f-9472-610c1ee1d418', '66d4614d-6bc6-4b63-8e34-c339b1545088', '6.12', 'understand why a force is exerted on a current-carrying wire in a magnetic field, and how this effect is applied in simple d.c. electric motors and loudspeakers', false),
('814ebf30-d877-4d82-90ad-88873390f4c1', '66d4614d-6bc6-4b63-8e34-c339b1545088', '6.13', 'use the left-hand rule to predict the direction of the resulting force when a wire carries a current perpendicular to a magnetic field', false),
('fefdcdbe-574b-4b7b-b9e6-7db0000732ea', '66d4614d-6bc6-4b63-8e34-c339b1545088', '6.14', 'describe how the force on a current-carrying conductor in a magnetic field changes with the magnitude and direction of the field and current', false),
('8a988b62-2bcb-499c-8081-4568318baf5c', '66d4614d-6bc6-4b63-8e34-c339b1545088', '6.15', 'know that a voltage is induced in a conductor or a coil when it moves through a magnetic field or when a magnetic field changes through it and describe the factors that affect the size of the induced voltage', false),
('a818b91f-1896-4059-819d-2c6ce40c55ec', '66d4614d-6bc6-4b63-8e34-c339b1545088', '6.16', 'describe the generation of electricity by the rotation of a magnet within a coil of wire and of a coil of wire within a magnetic field, and describe the factors that affect the size of the induced voltage', false),
('d2bdccad-d5f8-4fca-9342-82f3a71caa9e', '66d4614d-6bc6-4b63-8e34-c339b1545088', '6.17P', 'describe the structure of a transformer, and understand that a transformer changes the size of an alternating voltage by having different numbers of turns on the input and output sides', true),
('1adeaa5d-f103-4066-b153-4f903ba48b99', '66d4614d-6bc6-4b63-8e34-c339b1545088', '6.18P', 'explain the use of step-up and step-down transformers in the large-scale generation and transmission of electrical energy', true),
('370b3714-610f-49f2-a3b5-be4976b1bbe0', '66d4614d-6bc6-4b63-8e34-c339b1545088', '6.19P', 'know and use the relationship between input (primary) and output, (secondary) voltages and the turns ratio for a transformer: primary turns/secondary turns = input (primary) voltage/ output (secondary) voltage', true),
('c2d0b107-f47d-4852-a095-47175734e3c9', '66d4614d-6bc6-4b63-8e34-c339b1545088', '6.20P', 'know and use the relationship: input power = output power, Vp/lp = Vs/ls for 100% efficiency', true),
('09688225-bda0-4ce3-8813-b5b00dd89dca', '88d40e2b-5a36-4cf3-b775-3381da9909db', '7.2', 'describe the structure of an atom in terms of protons, neutrons and electrons and use symbols such as 14C to describe particular nuclei', false),
('7ddbdb05-4caf-49c2-87e6-c71b5271a6c4', '88d40e2b-5a36-4cf3-b775-3381da9909db', '7.3', 'know the terms atomic (proton) number, mass (nucleon) number and isotope', false),
('7281b1a5-80e6-41c7-986b-01ccf3da2c64', '88d40e2b-5a36-4cf3-b775-3381da9909db', '7.4', 'know that alpha (α) particles, beta (β'') particles, and gamma (γ) rays are ionising radiations emitted from unstable nuclei in a random process', false),
('dadeabe2-723d-4476-9e0d-1616c8e63b1c', '88d40e2b-5a36-4cf3-b775-3381da9909db', '7.5', 'describe the nature of alpha (α) particles, beta (β'') particles, and gamma (γ) rays, and recall that they may be distinguished in terms of penetrating power and ability to ionise', false);

INSERT INTO specification_points (id, chapter_id, reference_code, description, is_physics_only) VALUES
('8a6c696f-743a-443d-9afb-f82d3a361c28', '88d40e2b-5a36-4cf3-b775-3381da9909db', '7.6', 'practical: investigate the penetration powers of different types of radiation using either radioactive sources or simulations', false),
('2867a864-c56d-44d5-ab4e-57682e515917', '88d40e2b-5a36-4cf3-b775-3381da9909db', '7.7', 'describe the effects on the atomic and mass numbers of a nucleus of the emission of each of the four main types of radiation (alpha, beta, gamma and neutron radiation)', false),
('2aba7208-ac62-471f-80a2-25892f15e1f6', '88d40e2b-5a36-4cf3-b775-3381da9909db', '7.8', 'understand how to balance nuclear equations in terms of mass and charge', false),
('544bda45-87bd-4018-82b2-3b5e8e034ce5', '44f6fe5e-adde-4d6e-bbf7-1e2330df6928', '7.9', 'know that photographic film or a Geiger-Müller detector can detect ionising radiations', false),
('64a590f4-7015-4e91-8e69-64371ebcd75a', '44f6fe5e-adde-4d6e-bbf7-1e2330df6928', '7.10', 'explain the sources of background (ionising) radiation from Earth and space', false),
('b43b5cd5-0182-42cf-aad4-a0189448b1a8', '44f6fe5e-adde-4d6e-bbf7-1e2330df6928', '7.11', 'know that the activity of a radioactive source decreases over a period of time and is measured in bequereels', false),
('7010243e-ef08-49ec-9033-fca47e5a5ffc', '44f6fe5e-adde-4d6e-bbf7-1e2330df6928', '7.12', 'know the definition of the term half-life and understand that it is different for different radioactive isotopes', false),
('3867b4d6-04e6-4564-b35a-9269e62ab4f8', '44f6fe5e-adde-4d6e-bbf7-1e2330df6928', '7.13', 'use the concept of the half-life to carry out simple calculations on activity, including graphical methods', false),
('8dc5d6e8-0237-40de-bde9-566e444bf324', 'd588e534-5b1d-45aa-9ddf-5a1efa513aeb', '7.14', 'describe uses of radioactivity in industry and medicine', false),
('f4e141a7-27c8-41e4-b09d-b115b8819a45', 'd588e534-5b1d-45aa-9ddf-5a1efa513aeb', '7.15', 'describe the difference between contamination and irradiation', false),
('7682b9d0-1003-4ba5-9b17-98167f865247', 'd588e534-5b1d-45aa-9ddf-5a1efa513aeb', '7.16', 'describe the dangers of ionising radiations, including: that radiation can cause mutations in living organisms: that radiation can damage cells and tissue; the problems arising from the disposal of radioactive waste and how the associated risks can be reduced.', false),
('fb63e35c-6f46-4070-9ee3-8c8665c55c73', '078c213c-09d3-4453-b871-90b91a7d4487', '7.17', 'know that nuclear reactions, including fission, fusion and radioactive decay, can be a source of energy', false),
('65d9da20-2172-4b3b-b085-9b0cd97e8fe5', '078c213c-09d3-4453-b871-90b91a7d4487', '7.18', 'understand how a nucleus of U-235 can be split (the process of fission) by collision with a neutron, and that this process releases energy as kinetic energy of the fission products', false),
('97d4897b-78d6-4325-8798-111e9b1749f0', '078c213c-09d3-4453-b871-90b91a7d4487', '7.19', 'know that the fission of U-235 produces two radioactive daughter nuclei and a small number of neutrons', false),
('ecf156fe-0ece-4b69-8348-6799841939f1', '078c213c-09d3-4453-b871-90b91a7d4487', '7.20', 'describe how a chain reaction can be set up if the neutrons produced by one fission strike other U-235 nuclei', false),
('d104bda2-1f5c-440e-8cdc-ae397226a891', '078c213c-09d3-4453-b871-90b91a7d4487', '7.21', 'describe the role played by the control rods and moderator in the fission process', false),
('12489ffb-ec22-4003-ab3a-e63422ea537d', '078c213c-09d3-4453-b871-90b91a7d4487', '7.22', 'understand the role of shielding around a nuclear reactor', false),
('cbdb871f-12d3-40ff-86a9-e707ca4ae1ef', '078c213c-09d3-4453-b871-90b91a7d4487', '7.23', 'explain the difference between nuclear fusion and nuclear fission', false),
('303e8e04-49d0-4d06-ad9b-35eda3f9b4f7', '078c213c-09d3-4453-b871-90b91a7d4487', '7.24', 'describe nuclear fusion as the creation of larger nuclei resulting in a loss of mass from smaller nuclei, accompanied by a release of energy', false),
('e71f940c-77b1-4d95-a328-a35d00217fd0', '078c213c-09d3-4453-b871-90b91a7d4487', '7.25', 'know that fusion is the energy source for stars', false),
('814a9aba-5091-4964-8c18-138dad6105d8', '078c213c-09d3-4453-b871-90b91a7d4487', '7.26', 'explain why nuclear fusion does not happen at low temperatures and pressures, due to electrostatic repulsion of protons', false),
('2c98ceba-cd84-44db-abe0-5a6d943fe4ed', 'a02f5b00-2a2f-4e8c-85de-4c5928a2c0db', '8.1', 'use the following units: kilogram (kg), metre (m), metre/second (m/s), metre/second2(m/s2), newton (N), second (s), newton/kilogram (N/kg)', false),
('31374c0e-2657-404d-bc5f-09b083fd467e', 'a02f5b00-2a2f-4e8c-85de-4c5928a2c0db', '8.3', 'understand why gravitational field strength, g, varies and know that it is different on other planets and the Moon from that on the Earth', false),
('042ba1ef-0cda-488d-9816-b40ca58c6715', 'a02f5b00-2a2f-4e8c-85de-4c5928a2c0db', '8.4', 'explain that gravitational force: causes moons to orbit planets; causes the planets to orbit the Sun; causes artificial satellites to orbit the Earth; causes comets to orbit the Sun', false),
('f03f171c-924c-473e-8e1a-56dfe1f33ed4', 'a02f5b00-2a2f-4e8c-85de-4c5928a2c0db', '8.5', 'describe the differences in the orbits of comets, moons and planets', false),
('def02a36-f179-4c45-a340-8882d96bc4e4', 'a02f5b00-2a2f-4e8c-85de-4c5928a2c0db', '8.6', 'use the relationship between orbital speed, orbital radius and time period: orbital speed = (2π × r)/T', false),
('71303f50-d1e4-43e0-b428-ebb488f7f2aa', 'eaba639a-e5e2-4cdf-83e5-ba7b613acf3d', '8.1', 'use the following units: kilogram (kg), metre (m), metre/second (m/s), metre/second2(m/s2), newton (N), second (s), newton/kilogram (N/kg)', false),
('7110bf17-92eb-4ac7-9039-0c086f579abf', 'eaba639a-e5e2-4cdf-83e5-ba7b613acf3d', '8.2', 'know that: the universe is a large collection of billions of galaxies; a galaxy is a large collection of billions of stars; our solar system is in the Milky Way galaxy', false),
('5bbaa97f-5427-472e-a1d3-c14d98d98a07', 'eaba639a-e5e2-4cdf-83e5-ba7b613acf3d', '8.7', 'understand how stars can be classified according to their colour', false),
('bf21832d-73a0-4e37-8dac-b7e2bfc167fa', 'eaba639a-e5e2-4cdf-83e5-ba7b613acf3d', '8.8', 'know that a star''s colour is related to its surface temperature', false),
('4a845c41-8dd2-4185-8a3b-dab9dd08d34f', 'eaba639a-e5e2-4cdf-83e5-ba7b613acf3d', '8.9', 'describe the evolution of stars of similar mass to the Sun through the following stages: nebula, star (main sequence); red giant; white dwarf', false),
('b3c6074c-5c9c-420c-ab25-7a69e834b5b3', 'eaba639a-e5e2-4cdf-83e5-ba7b613acf3d', '8.10', 'describe the evolution of stars with a mass larger than the Sun', false),
('59a76dc1-22a0-495f-8f8f-e9cf60bab07a', 'eaba639a-e5e2-4cdf-83e5-ba7b613acf3d', '8.11P', 'understand how the brightness of a star at a standard distance can be represented using absolute magnitude', true),
('ae892d2f-bdd5-4982-83d5-91b3dd43a11b', 'eaba639a-e5e2-4cdf-83e5-ba7b613acf3d', '8.12P', 'draw the main components of the Hertzsprung-Russell diagram (HR diagram)', true),
('3bb0974d-9915-45c0-9919-72f3c79d4f3b', 'c854a76c-80ff-4da8-bf34-d756e8329eb3', '8.13P', 'describe the past evolution of the universe and the main arguments in favour of the Big Bang', true),
('4067fd21-bbb3-4361-a79e-6333d4669e45', 'c854a76c-80ff-4da8-bf34-d756e8329eb3', '8.14P', 'describe evidence that supports the Big Bang theory (red-shift and cosmic microwave background (CMB) radiation)', true),
('356edbf8-ed3c-4bc3-b5f7-12444a50d2cf', 'c854a76c-80ff-4da8-bf34-d756e8329eb3', '8.15P', 'describe that if a wave source is moving relative to an observer there will be a change in the observed frequency and wavelength', true),
('c454d9c3-cb68-4079-89d0-5d332e3d95ed', 'c854a76c-80ff-4da8-bf34-d756e8329eb3', '8.16P', 'use the equation relating change in wavelength, wavelength, velocity of a galaxy and the speed of light: change in wavelength/reference wavelength = velocity of a galaxy/speed of light', true),
('72a6cdad-37ee-4bf4-8f00-15567db410d3', 'c854a76c-80ff-4da8-bf34-d756e8329eb3', '8.17P', 'describe the red-shift in light received from galaxies at different distances away from the Earth', true),
('ee0b19c8-22ef-4791-81ec-19e196433804', 'c854a76c-80ff-4da8-bf34-d756e8329eb3', '8.18P', 'explain why the red-shift of galaxies provides evidence for the expansion of the universe', true);

INSERT INTO activities (id, specification_point_id, description) VALUES
('101cd965-58e7-452f-9251-d57d883460cd', 'afbfd5b0-ea47-41b3-b4d5-49aadf92149e', 'Activities'),
('d78c4593-c1a8-4f45-91d4-f328b2d1b8ca', '859137b8-2d9a-4926-9566-8c39fd232fbd', 'Displacement vs distance demonstration'),
('e5d96ab3-9231-4f4e-8cf0-3be2654d20ab', '15bc5a79-b22b-48e7-9efd-4d5c70ed5e36', 'Exemplar calculations'),
('a9e01137-db6d-457a-a4b8-b8a380ad0345', '87af83ee-4d9a-4c00-9682-cde1e197c192', 'Graph analysis'),
('95e43658-6e15-4942-a1bf-b6097501f0cf', '2dbb27a6-298c-4600-a9fb-ec612d9f307e', 'Introducing the Galileo bells demonstration'),
('fbfcec41-3282-4c56-9a27-1e42af93d24c', 'f4028f10-ed8e-49d1-8313-3779a63f66ae', 'Speed trap students'),
('df451d5b-6495-4179-aee5-078239eabfc6', '94a545cb-8b07-4ae0-8acb-65e8b1e1635f', 'Investigating the motion of tennis balls or toy cars practical'),
('5ac6bae0-2b31-47ea-81b5-846e0569a14b', 'd4d7fddd-2a18-44ec-b2ba-75069c9b3984', 'Practical key word terminology match-up'),
('a761fb69-6e9b-4c3c-ae73-dd8c28ae1e49', '9d53d9cc-e3b6-4055-a840-214c34b594c9', 'Distance-time and velocity-time graph using ticker tapes and trolleys'),
('efcc4d85-a7e3-44ab-9489-dce0a476c9f2', 'fabd90b1-04e1-49e9-ad2a-8495fcaa3e7b', 'Balloon demonstration / ball made from a spongy material'),
('f7eb653f-5582-422d-b0dd-75fbafa0828a', '057a5da0-3924-4fdb-b6e4-8720343b2a36', 'Friction demonstration'),
('8fc95517-042e-47d3-960a-ffc3a1132aee', '08abd9d8-9a55-497d-8f3b-2e13e17f4062', 'Friction - good or bad'),
('d47a78e5-15be-4a95-9c7b-b686d672eb96', '5b390a49-ff3d-4158-8e82-771f7dc4887d', 'Ice cube and block demonstration'),
('b0772381-371e-4109-90ae-4014c4b0471d', '5daf941e-5229-43e6-9628-9251dd1b7926', 'Free body force diagrams'),
('f87ebe30-9ae7-4cb4-a167-8f23fce2a4a9', '2a54cb68-e380-4055-a87f-9d2255fe4b02', 'Investigating friction practical'),
('ce032df0-642f-4a97-97ac-4279fa5bd441', 'abd4377e-1e56-4a33-917c-6fade0f1bfa9', 'Hooke''s law practical'),
('b36a9482-198c-4c6e-9790-f474137b6c80', 'd84c0f20-b2b7-44c6-8352-962d313cb80e', 'Behaviour of rubber practical'),
('f49c4c50-b3a2-4335-9552-7c8d12a01b02', 'aa1de7e0-eedb-4f5b-93ed-12ab6960e272', 'Streamlining demonstration'),
('38973ef0-2d1d-43b2-8fc9-8078f666ed22', '676e1782-e85c-47fb-beaa-015e145bb09f', 'Graph relationships'),
('05719322-45e0-4106-b16e-0476f2f46820', '821bea7d-83d4-4a6f-a9c2-3f7548150315', 'F=ma practical'),
('1a642f64-38fa-4110-ad0d-f62d91d6d5c8', 'f9444cba-1faf-46e6-8aa2-f16ba31f2fcf', 'Student sky diver'),
('a637edb2-1d74-4b48-8073-6d94d619bdc7', 'c05ac13f-71f3-4e36-a29e-3e779562bf3a', 'Example calculations'),
('2d8bea4e-1956-4e82-a3c4-7cf76b6782e9', 'c05ac13f-71f3-4e36-a29e-3e779562bf3a', 'Stopping distance infomercial'),
('6fa638d3-9c45-4163-b858-f3eeb41b4f03', 'c05ac13f-71f3-4e36-a29e-3e779562bf3a', 'Stopping distance leaflet'),
('60cf3393-8ec7-41dc-a47a-63a22d3889f4', 'c32c32cc-abd0-466d-b0bc-5f6f03260bb9', 'Which would be harder to stop'),
('520f5738-3587-4b9d-b790-61730d4c0e9c', '0801520f-383c-43ed-85cc-aa5e019613f9', 'Skateboards or rolling platforms demonstration'),
('55ba6dc8-0f82-43d5-9b02-e882314587d1', '4347f9d9-1efc-4797-8ee9-7f16e7546ef7', 'Crumple zone demonstration'),
('eb41c4f6-fd68-45c6-9cf8-b4a6e204dfb4', '024b33f8-2ad2-4699-85ad-3eb37398fe50', 'Air-track demonstration'),
('cc287386-1ea9-4ca7-a308-6b5fc4d33277', '63d9f8ce-3dfc-4728-9c34-ee143c8f492a', 'Crumple zone practical'),
('fe0ad431-b70d-47a1-bbf2-638fbe744e5c', '877ff4e3-9327-4517-9c8b-28ced04625e1', 'Levers demonstration'),
('a2693962-b6b3-4641-8342-bb204d4f3fbe', '6cc091c6-e5cd-4567-9940-fba680f82a20', 'Door demonstration'),
('6e9b3b69-9c25-4315-96e7-231cd7270c60', '5cd00887-8617-49ef-90dc-d8c9c003b32b', 'Balancing point'),
('5d6c2a9c-6a85-4647-b9fc-d0aea54b20e8', 'c4bbcf2b-6542-4c29-84f0-8a923ad31715', 'Balancing beams'),
('6e227773-e076-4502-91ee-cf3add067393', 'c4bbcf2b-6542-4c29-84f0-8a923ad31715', 'Note challenge'),
('c7021e7b-4c56-49d2-941a-51a2cf41c0d7', 'c4bbcf2b-6542-4c29-84f0-8a923ad31715', 'Finding the centre of mass of an irregular shape practical'),
('9786a5f2-4300-4ad0-8a3e-414c6aee0acb', '4f6b4fca-4d80-440b-b30d-cc325c241b69', 'Dangerous situations'),
('30fbbaff-e976-4674-8d06-7ef87a6d6e5f', '4cf44f2b-d4c2-4962-9a9d-4a8c27992928', 'a.c./d.c.'),
('26517ff0-826c-4235-b13a-0054e35c59ab', 'aab2897a-42cd-4bb7-a9ec-1139c30693b6', 'Plug match-up'),
('5d2e92f6-58e0-4878-a8a8-3076b090c47b', '6f7ca0e5-6bc4-4f1e-8034-af50e07291be', 'Units slap the board'),
('63eb8727-7e50-446d-a3db-5696748dd6f9', '26e96626-4dca-473d-a4a1-1c3c2e45b6c7', 'Wire up a plug'),
('b5050473-1b97-471d-9eae-715c6846ef50', 'b7ac10fd-a5f7-43d6-b35d-78fc37f55186', 'Comparison of energy efficient light bulb vs filament bulb'),
('584b3f17-a4c5-4644-9447-ce71396c2c06', 'b7ac10fd-a5f7-43d6-b35d-78fc37f55186', 'CRO demonstration of electrical current'),
('1dd0534e-db65-48f8-ae19-e13c50e84f7f', '20e4cde5-8938-4dd9-b6b9-fb8910207d43', 'Draw that circuit'),
('0b957c0d-160a-47d8-985f-1d2a2bec878f', '2232abc3-40c9-42ab-b2ab-63d174e55239', 'Component card match-up'),
('95c9c01c-8129-4962-83ae-0d923bde6939', '22a5f2cc-27e5-4434-a23d-5eb6bc99ad41', 'What''s the problem'),
('91658061-bc10-4a09-b1dd-3dd972d72668', 'a10dd69c-ac72-4571-b864-588709039253', 'Circuit building'),
('bbb20cd7-5b98-4001-b28f-17f901f35845', '4fac70ba-59d8-43e0-b2d2-0f69936edecf', 'Current and voltage model'),
('e2ac7639-dada-4a87-a94f-af3a4fce5a50', 'd77ba90a-4bc0-46c5-8054-067474b81d22', 'Investigating current in series and parallel practical'),
('1f548c0f-08f4-4a6c-8cab-3ee048810677', '11688ffc-2b0f-48e4-a6bb-b34167479741', 'Calculations circus'),
('c02ee838-bc7e-47c6-8ab3-2f63200cbcdc', '3f163e11-b047-4312-a612-c5f8a2808798', 'Units/components bingo');

INSERT INTO activities (id, specification_point_id, description) VALUES
('cd53736a-021a-4420-a759-d270b4bf1d48', 'b27a04b8-7fa7-496b-a8d9-f0a8c3331941', 'Resistance model'),
('114da15c-30da-4e08-87b4-2bfc780dceb3', '98c416cd-6e92-4871-8d9c-6299e8d335a4', 'Components graphs'),
('98144bcd-5aee-4da6-9f02-80be32045489', '1b53e12b-0c3e-4979-a3ab-5c50d7a942c3', 'Modelling resistance'),
('9c8b7a2a-7760-4db6-b606-a454d699b7ad', '2e17b84b-ca19-456a-87b0-fddc848e95e4', 'Resistance rope'),
('c41ef3c7-e902-4ef3-8be7-f7657b5180a9', '2e17b84b-ca19-456a-87b0-fddc848e95e4', 'I-V for different components practical'),
('c481adf3-bef9-4f48-ac26-d023309b3872', 'c452756c-4fc3-44be-8233-9570ed1de3ad', 'Modelling'),
('10926475-0bd4-4d33-aac5-82821e994350', '728c1389-1c83-4dc7-b947-073a8b6085e7', 'What do they have in common'),
('c8951975-a9a3-440b-a2d9-c9fc8d792354', '33e543da-9fef-47ea-ab03-705e90394d39', 'Charging by friction practical'),
('501d3ab7-d83f-4db1-b30c-e847f98e781b', '8a319238-6922-4207-909f-528533b6d907', 'Paint sprayer demonstration'),
('8fc9055c-9221-4b26-b6a6-e8b6743abf96', '4b3c2fc1-1256-424a-ac84-68bd47ad2332', 'Electrostatic vlog'),
('d38859a2-1c3a-4829-89e7-3f7e0b05368b', '434bd9a0-fdc7-4ee8-ac68-6e8132f10a70', 'Gold leaf electroscope'),
('0eeca87c-d4b4-4a6e-b58b-8e0a017ebccf', 'be42f6bd-c61f-4699-9089-1d3350e24169', 'Van der Graaf demonstration'),
('a53b2e78-3b50-4ad2-967e-248061b04588', 'e19275b5-53e9-4cef-af39-86a7c12779d0', 'Slinky demonstration'),
('64a9d912-6b19-4d9c-8f2f-d87b537bc83d', 'e0e650dd-a7b7-4389-976d-ba09fba06f14', 'Wave labels'),
('8546a4a9-a996-41d0-90f4-9746506b9caf', 'dc7bb1b1-2b86-4102-93f7-7cb8102b8c08', 'Ripple tank demonstration'),
('346eb8a3-f5a4-4d7b-9d4c-bfa86c336816', '76d407ba-f9bb-4900-8ce6-6ae3ef4d87c5', 'Reflection practical'),
('20363441-c13c-4e2a-8540-d459d854c2e7', '4bcfa348-1f14-4ff0-bbae-fa9e25cd0395', 'Speaker demonstration'),
('36bf3b05-5b1c-40d4-b1cc-1790ba6fbcaf', '4b667c5c-db42-42d6-83ee-e75c112736c7', 'Guess what'),
('3df46d8c-14b0-4747-8780-485a0556b91b', '4f053239-7262-40b5-8e59-784a415167ac', 'EM spectrum bingo'),
('83979ae1-0e3c-448c-bf2a-5c025f9f64b6', '3da4c703-b7cc-4e29-b504-ef01d76a77ec', 'Guess the injury'),
('d99b92b4-33d3-454b-a372-627a52d7f303', '05e9e964-2b5b-466a-a5e2-1c4e721faeaf', 'Find the secret information'),
('babf8791-5b6e-45ef-9f62-1cffeaf807d0', '05e9e964-2b5b-466a-a5e2-1c4e721faeaf', 'EM spectrum song'),
('645db6ce-6a87-4d01-911e-ed0e6c09f15e', '05e9e964-2b5b-466a-a5e2-1c4e721faeaf', 'EM spectrum video'),
('570e0b28-d116-4da0-868b-fb372cc4b182', '05e9e964-2b5b-466a-a5e2-1c4e721faeaf', 'UV research task'),
('3c255587-091b-4507-a61e-d9fd82d122a2', '05e9e964-2b5b-466a-a5e2-1c4e721faeaf', 'Group teaching'),
('6c84328a-2128-4c78-9e58-8d0fe9f20b69', 'acd13a40-6102-4d23-92f5-67ae3ce3a19e', 'Mirror messages'),
('29bedae2-d7e9-4908-8dea-78e1d83a294a', '990560c7-8d30-407b-8465-6813696770b1', 'Missing coin demonstration'),
('cb5f73fc-fc23-44a3-9d56-6c18bb2dfb38', '7fff5f6e-3acf-4ddb-ac0b-84323bcf31dd', 'Periscopes'),
('a1bec3c9-f867-46bf-a550-a0628a7c6812', '1324f0bd-6857-4106-ba5f-75d6d606aac2', 'Student refraction demonstration'),
('0083bd62-4771-45e7-90b7-55b357398c40', '15cd2218-2fa8-4eb5-8d24-0ed091cdb55c', 'Refraction of light through water demonstration'),
('0290fd68-c5cd-4559-b6a2-ab0f27ddb70b', '775e7a31-268b-4edb-b1b0-c33180f374d7', 'Total internal reflection investigation practical'),
('964ac761-5fb9-4bd2-a3dc-0fbe23353c62', '38e3a116-9e48-47b8-85c2-1e6b85c91046', 'Hearing test'),
('9ad9ddde-04c1-412a-9bc3-4e25d93db3dc', 'bb829592-849d-40ea-b33d-a419705d1e38', 'Animal sounds'),
('8cf5e16e-fa5f-4fc6-8dd6-f31492f01a28', '7ce948ca-6418-46fc-b258-44baa59588db', 'Speed of sound practical'),
('40718d61-b28a-4cfe-8406-74c3ea07f5d9', '6d4ab862-6780-49c6-a301-d6c12db58afc', 'CRO and signal generator demonstration'),
('b4b9ad95-fd2c-4946-adcc-3e48fbd0be0d', 'a0413af9-3243-4b06-a590-8bb2fc451e43', 'CRO calculations'),
('5e3f2c5f-ce74-45f7-a410-5ded45ef86ba', '4a09b82c-efee-4d5f-9aed-9e46a649eb5b', 'Energy cover up'),
('e236a264-fa7c-4a44-9d5d-835d3e0f489d', 'e287ecee-30f0-4bdc-9342-00e40d2a07a9', 'Energy transfers'),
('239fb64a-1115-4063-b015-a26161f56940', 'ec8def28-ecd5-4159-b92e-44957eaa406e', 'Efficiency calculations'),
('a33d2047-d3e4-4db5-91ec-5040d1cce3c7', 'e0e767e2-4c5c-42d6-959b-501eca41ac38', 'Energy circus'),
('9414e246-de31-4374-8f74-a78b541907f8', 'e009a06e-7c66-4d0c-a125-e1b6ca54cb29', 'Efficiency of light bulbs demonstration'),
('4bebe80d-270d-407c-920f-b3d758e9c13e', 'a167c22b-60c8-4ba1-94bd-9bd3aaec8870', 'Energy transfer demonstration'),
('fb1a2fa7-b47a-428f-ad60-fd70d4e4fc7f', '28d8adad-735c-48bd-ba56-c45373027eb2', 'Energy transfers'),
('5611931b-26ef-4fb7-9280-366a26ba05a3', '1a294468-75f4-46f6-9622-fc41707a8641', 'Tea bag convection demonstration'),
('e9e75fb2-7219-4d6c-99f0-19ee8234ec76', '48e17d14-b8d2-49ae-8c01-c24f5381aebe', 'Object box'),
('aa038ac5-9a1a-4f21-9afb-f5eaa68d2f23', 'ac48a636-e3da-4d54-9961-e5380e0e80a1', 'Conduction practical'),
('0538d66b-1c0f-46ff-a543-70f243c39c03', 'ac48a636-e3da-4d54-9961-e5380e0e80a1', 'Convection currents demonstration'),
('b2146b0f-d833-4b21-90c4-4123be2e81d4', 'ac48a636-e3da-4d54-9961-e5380e0e80a1', 'Chimney demonstration'),
('2aa05683-31ab-4a44-aa57-0bf92f003b63', 'ac48a636-e3da-4d54-9961-e5380e0e80a1', 'Radiation demonstration'),
('eec9643b-abeb-4177-96c3-e449b8a66f0b', 'ac48a636-e3da-4d54-9961-e5380e0e80a1', 'Insulation investigation practical');

INSERT INTO activities (id, specification_point_id, description) VALUES
('1846fd28-df46-413e-a811-4ed0737d0020', '3dc0fe92-e7bb-4e69-8bc2-a2915cb4f5af', 'WoWork done calculations'),
('f0d53baa-b0b3-43d9-990a-95edb1778a74', '40919d78-0ca7-4b7f-93da-76d267eb73cc', 'Fairground facts'),
('8d08a4e0-62c4-4df9-97a5-ec2d5dcb3b24', '06e61ebd-3402-49b4-bde0-698ee3161a4d', 'Who is most powerful'),
('6db5f0a8-dea8-408c-b087-2e1704ee2062', 'eb8a0a0c-e737-4824-8167-2fe6185b4747', 'Powerful links'),
('80f68bf4-bc95-42c5-b732-a7421adff8db', '36d0b056-6dd0-4462-8c96-0ee2fde46b6d', 'GPE/KE practical'),
('a16e6757-d99e-461b-9111-01ca75d3afb1', 'ca5764cc-8b3f-477f-966b-236d42b772e4', 'Power output practical'),
('7910992e-1fc2-4f1f-80c9-914522261317', 'eaa63624-ea9b-4cec-8359-8f1828689bee', 'Advantages and disadvantages introduction'),
('66ecd3e0-e68e-44cf-973c-5d83132dad34', '37f03ea4-a7d7-4d9f-bbfc-ad83ad275cd7', 'Energy transfers'),
('5e6d8ec6-580c-4821-b4e3-f335a2096e90', '37f03ea4-a7d7-4d9f-bbfc-ad83ad275cd7', 'Presentation teams'),
('bb4ca0d4-a7b2-42b3-b935-ee81d9fc93e1', '37f03ea4-a7d7-4d9f-bbfc-ad83ad275cd7', 'Information leaflet'),
('9c01221d-bbfc-4bc5-8721-2c17e1354775', '2f3f25a2-54bf-42ad-8bbd-3e307e9b7581', 'Balloon and the pin'),
('f3ec6baa-2ed6-4ff0-8a15-b4e68d7c24ce', '6914ecc5-f6c6-44ab-bb12-f496a9623d47', 'Pressure and weather'),
('13073f63-5bb6-45e6-8537-7944d30876f4', '655ced6d-47a5-4f35-9c04-46b22a3f5569', 'Language misconception'),
('1be67b44-e338-4382-980b-2d738270a710', '1f281e93-169a-41d8-90f8-321fdade4e68', 'Density calculation practical'),
('e51f373e-7ffd-4022-ade2-ce165883a8d4', '7fc6cbf9-7960-4dba-92ca-754158e27647', 'Which has the highest pressure'),
('82bfb994-110d-4ced-b477-bf099d772b62', '7fc6cbf9-7960-4dba-92ca-754158e27647', 'Collapsing can demonstration'),
('cf0d02fe-4f54-4c2d-93a1-9d02a38a47fc', '37d3f00f-a941-4d90-b44a-847d87204d23', 'Modelling'),
('39f3bc67-be80-401e-89d3-c1e715cab94c', 'ad2c9a18-fd2f-45c1-9f47-b14ae2237b3f', 'House materials'),
('1a8a32e9-ec2e-4764-8637-07ba4c2d61b4', 'e51bcd06-d1ea-485e-8b52-71b893329caa', 'Plunger demonstration'),
('7fc8e913-7c62-41ba-b6e0-1cdf2890f662', 'c11be9e2-506c-4a42-aacf-e1bdfffec99e', 'Specific heat capacity practical'),
('c9c4923e-50c7-411e-b343-82fc7a58f7d6', '6db668c5-b6dd-472d-a007-f0698afd54b6', 'Change of state practical'),
('bd4548d3-a5a3-4d29-b5de-1204dbd524f3', '1cd9e95f-afe8-45dd-8017-10f269425115', 'Boyle''s law demonstration'),
('8784a43e-8653-42c5-8baf-7d64ebcf08a2', '2bf7c62a-3022-49f7-86fb-dcc46a8ad321', 'Mock data'),
('30bd73c2-806a-49d8-bcb8-44cbae93b9eb', '08d76682-0bf8-4428-bc8b-87905df6d3d4', 'How to identify a magnet'),
('d8f8cd48-ad30-4404-bb10-cfa51ffbec6f', '0a7b5ada-bbea-44e7-8e38-5073c53734fe', 'Example fields'),
('f635c7a1-633d-400f-9117-84ac0e076a9e', '61bc0f79-4b11-4ce0-9ba7-5510a782bdc2', 'Copy the mind map'),
('4d27ea90-6d35-47c4-b1c2-adbb6c43802e', '6433eb8f-2c31-4429-86cd-c5373b87ec2f', 'Right-hand grip rule'),
('c5fd9924-03b3-4ed4-bfdd-f83cb663c9a2', '603b2dcc-65a1-4fe4-9103-a3f9b368cc0c', 'Magnetic field lines practical'),
('1bcae09e-f907-46f5-8db1-fc1da73bd30f', 'a1b3849e-1de5-4c01-a39e-ea1c13cc9265', 'Investigating the strength of an electromagnet practical'),
('14be1c8f-6749-4341-b594-5f6e24f75d3d', '7e80ddbd-881e-4206-bbde-06a473b66fc2', 'Which way will it move'),
('b2e126bf-3a33-4c11-b93c-09ea61cbbbdb', 'ad0ba180-4a58-4f9f-9472-610c1ee1d418', 'Add on explanation'),
('f753abcb-9048-4987-8956-5cdad5a3e95d', '814ebf30-d877-4d82-90ad-88873390f4c1', 'A British problem'),
('e9632bf7-804d-4d62-ae1d-7005786dcfee', 'fefdcdbe-574b-4b7b-b9e6-7db0000732ea', 'Six-stage cartoon strip'),
('a8918b09-d048-45a8-b278-24a674649be4', '8a988b62-2bcb-499c-8081-4568318baf5c', 'Make their own motor'),
('7b8abb6c-fc01-4c43-a600-c3eedd564a73', 'a818b91f-1896-4059-819d-2c6ce40c55ec', 'Make your own speaker competition'),
('ee98b154-b5f1-4a1f-8ec2-66a2d4aafba8', 'd2bdccad-d5f8-4fca-9342-82f3a71caa9e', 'Transformer construction'),
('3f99961c-a0ed-400c-91c8-ba184e0083e5', '09688225-bda0-4ce3-8813-b5b00dd89dca', 'What''s the isotope'),
('78cf5be4-ed4d-4fee-bfc1-2daf34eeb5ec', '7ddbdb05-4caf-49c2-87e6-c71b5271a6c4', 'Building isotopes'),
('4fe67172-6718-4f25-9e4b-d489bde953df', '7281b1a5-80e6-41c7-986b-01ccf3da2c64', 'Complete the equation'),
('34ed3853-05e1-42b1-a524-5b836bde08fd', 'dadeabe2-723d-4476-9e0d-1616c8e63b1c', 'Radiation podcast'),
('9cf3e754-6b78-463e-b806-2e78ddcb7296', '8a6c696f-743a-443d-9afb-f82d3a361c28', 'Radiation demonstration'),
('a0f67737-81b5-46b5-b9c3-f83c42190e75', '2867a864-c56d-44d5-ab4e-57682e515917', 'Penetrating powers of different radiations practical'),
('9b45bcde-5724-4776-8a48-626ecd3252ef', '2aba7208-ac62-471f-80a2-25892f15e1f6', 'Balancing equations'),
('afa97261-15c8-438b-a792-5de2a3d52abd', '544bda45-87bd-4018-82b2-3b5e8e034ce5', 'Detecting radiation'),
('265d7275-f3b1-4bf2-9c0d-9911a6da7133', '64a590f4-7015-4e91-8e69-64371ebcd75a', 'Calculating half-lives from a graph'),
('c47ccd19-922b-41cd-bea8-94e91ae9207b', 'b43b5cd5-0182-42cf-aad4-a0189448b1a8', 'Match-up'),
('20b8c27e-9684-4660-b096-ef63d37bcab7', '7010243e-ef08-49ec-9033-fca47e5a5ffc', 'Spark counter demonstration'),
('54169f47-00c1-4308-a691-25a57fa30ad9', '3867b4d6-04e6-4564-b35a-9269e62ab4f8', 'Radioactive pie chart'),
('7e3bdfe5-97be-4a83-9c29-90b3e0435713', '3867b4d6-04e6-4564-b35a-9269e62ab4f8', 'Half-life activity'),
('b21be2cf-4144-4db4-9827-64cc11069986', '8dc5d6e8-0237-40de-bde9-566e444bf324', 'Quick question');

INSERT INTO activities (id, specification_point_id, description) VALUES
('a0143335-65f3-4bce-8ad2-9819c5af5981', 'f4e141a7-27c8-41e4-b09d-b115b8819a45', 'What not to do'),
('851f4c31-f67e-41e6-8a41-9dcbf049010a', '7682b9d0-1003-4ba5-9b17-98167f865247', 'Archaeological site activity'),
('adb98fa1-deba-4350-8fe1-b25ffca95cc0', '7682b9d0-1003-4ba5-9b17-98167f865247', 'Safety poster'),
('d1c922d0-984d-4b8e-a092-00e2f396f9e7', '7682b9d0-1003-4ba5-9b17-98167f865247', 'Uses of radiation documentary'),
('5a5599b7-5792-4047-a516-94efcdfd569b', 'fb63e35c-6f46-4070-9ee3-8c8665c55c73', 'Winner'),
('18dd01d1-4c8d-45a6-818e-0d237ff55728', '65d9da20-2172-4b3b-b085-9b0cd97e8fe5', 'Advantages and disadvantages'),
('0fec712f-d08c-4b7e-bced-abca238895e0', '97d4897b-78d6-4325-8798-111e9b1749f0', 'Sweet demonstration'),
('6fb12944-f10d-4b7a-a1f0-b024bf7d7946', 'ecf156fe-0ece-4b69-8348-6799841939f1', 'A3 diagram'),
('c58234aa-decc-4ab7-adcb-15ca1e6bf97c', 'd104bda2-1f5c-440e-8cdc-ae397226a891', 'Nuclear animation'),
('55792e85-9c2d-4eea-8792-c6b4469acb27', '2c98ceba-cd84-44db-abe0-5a6d943fe4ed', 'Orbital speed match-up'),
('407c8182-c660-4ecd-8d87-a42712bf8135', '31374c0e-2657-404d-bc5f-09b083fd467e', 'Solar System'),
('18365c27-859a-4cb6-b370-abad5077ebd7', '042ba1ef-0cda-488d-9816-b40ca58c6715', 'Circular demonstration'),
('a56317a6-87a6-4c1a-a2d8-2afa49971f02', 'f03f171c-924c-473e-8e1a-56dfe1f33ed4', 'What is your weight'),
('b9ec2ccb-adb1-43bc-aa2f-7e65b80c9adb', 'def02a36-f179-4c45-a340-8882d96bc4e4', 'Planet fact stations'),
('d834469b-a87a-4050-b797-dbdb15cb8102', '71303f50-d1e4-43e0-b428-ebb488f7f2aa', 'Galaxy types'),
('d0a21f0a-944f-461b-b467-fc7b1e5863c0', '7110bf17-92eb-4ac7-9039-0c086f579abf', 'Labelling the Hertzsprung-Russell diagram'),
('8ce8a142-0b59-40ce-827c-2d71aa8daae9', '5bbaa97f-5427-472e-a1d3-c14d98d98a07', 'Apparent brightness'),
('79acbabb-175f-48af-a305-bebe19d11306', 'bf21832d-73a0-4e37-8dac-b7e2bfc167fa', 'Hot objects'),
('68c00829-3216-406a-aed8-c7f4294708bc', '4a845c41-8dd2-4185-8a3b-dab9dd08d34f', 'Life cycle of a star'),
('9d6a56bb-5d98-4bc6-9fdd-f4c6ed768051', 'b3c6074c-5c9c-420c-ab25-7a69e834b5b3', 'Classification top trumps'),
('d76b42ef-60ba-4ba7-9f4f-632e8e75ee0f', '3bb0974d-9915-45c0-9919-72f3c79d4f3b', 'The expanding Universe'),
('57d0525c-b22d-45e3-8500-f44836586a52', '4067fd21-bbb3-4361-a79e-6333d4669e45', 'Sound bite'),
('fb0a9e4c-992b-4e94-9cc2-1a40902a7cb7', '356edbf8-ed3c-4bc3-b5f7-12444a50d2cf', 'Absorption spectrum'),
('df2b2745-4a3c-4332-be38-a167383946f0', 'c454d9c3-cb68-4079-89d0-5d332e3d95ed', 'Is the Universe expanding'),
('dfc119b4-06f6-47c8-bed0-f03e7a99f7d7', '72a6cdad-37ee-4bf4-8f00-15567db410d3', 'Doppler effect');

INSERT INTO resources (id, specification_point_id, title) VALUES
('a3d80775-2e89-4cde-ab47-4fc8aa589f31', 'afbfd5b0-ea47-41b3-b4d5-49aadf92149e', 'Resources'),
('bbf3120b-b498-41f0-aa6f-5218012d1e5b', '859137b8-2d9a-4926-9566-8c39fd232fbd', 'Chapter 1 TRP worksheet'),
('8ea4551e-3eb9-44f2-bef9-62d0d225c69a', 'fabd90b1-04e1-49e9-ad2a-8495fcaa3e7b', 'Chapter 2 TRP worksheet'),
('de846b27-cc02-4d57-b104-8876189a9a38', 'aa1de7e0-eedb-4f5b-93ed-12ab6960e272', 'Chapter 3 TRP worksheet'),
('2d3e004e-eaa1-457e-ab6e-a6441f9f9162', 'c32c32cc-abd0-466d-b0bc-5f6f03260bb9', 'Chapter 4 TRP worksheet'),
('83a190cc-1a75-4dd5-8f94-427c95787d95', '877ff4e3-9327-4517-9c8b-28ced04625e1', 'Chapter 5 TRP worksheet'),
('42b6dd97-7b47-41cd-98db-3ffb35ad532d', '4f6b4fca-4d80-440b-b30d-cc325c241b69', 'Chapter 6 TRP worksheet'),
('b8d8e2d4-0e12-4dc7-9c5c-51d9fa2e07d2', '20e4cde5-8938-4dd9-b6b9-fb8910207d43', 'Chapter 7 TRP worksheet'),
('004eba97-30f5-4117-b875-8d8c6ed0099b', '3f163e11-b047-4312-a612-c5f8a2808798', 'Chapter 8 TRP worksheet'),
('429c6fae-a9fb-4962-be1d-2adf9288a196', 'c452756c-4fc3-44be-8233-9570ed1de3ad', 'Chapter 9 TRP worksheet'),
('b0d64972-8ef9-4789-985f-a0761e24b3a5', 'e19275b5-53e9-4cef-af39-86a7c12779d0', 'Chapter 10 TRP worksheet'),
('d3c1ca85-ccf8-4dd2-8254-54bc39c4c41f', '4b667c5c-db42-42d6-83ee-e75c112736c7', 'Chapter 11 TRP worksheet'),
('644544ab-3ad6-4611-bf9a-1e263f257bfe', 'acd13a40-6102-4d23-92f5-67ae3ce3a19e', 'Chapter 12 TRP worksheet'),
('917d0ada-8bf5-49fe-8595-3ec2c89c8d07', '38e3a116-9e48-47b8-85c2-1e6b85c91046', 'Chapter 13 TRP worksheet'),
('4e282860-e0cb-4990-8b87-aaadb8f872b7', '4a09b82c-efee-4d5f-9aed-9e46a649eb5b', 'Chapter 14 TRP worksheet'),
('2ca624ed-1604-4b0c-96ef-e957ed4474df', 'a167c22b-60c8-4ba1-94bd-9bd3aaec8870', 'Chapter 15 TRP worksheet'),
('638dfcb7-5ab5-4b41-9222-5e9ef7296bde', '3dc0fe92-e7bb-4e69-8bc2-a2915cb4f5af', 'Chapter 16 TRP worksheet'),
('ec0c2d31-0791-4e2f-9613-705e41c5a4ef', 'eaa63624-ea9b-4cec-8359-8f1828689bee', 'Chapter 17 TRP worksheet'),
('571dcd04-a3ff-4b3a-ab4e-d30cbcdd69a5', '2f3f25a2-54bf-42ad-8bbd-3e307e9b7581', 'Chapter 18 TRP worksheet'),
('8804e49f-4d7b-4e19-96d7-4237028de0f0', '37d3f00f-a941-4d90-b44a-847d87204d23', 'Chapter 19 TRP worksheet'),
('2f120320-3cf6-4fdc-ad30-47b1aaf3b28b', '08d76682-0bf8-4428-bc8b-87905df6d3d4', 'Chapter 20 TRP worksheet'),
('6e2b1616-3cb9-4508-a9c0-1539ac4330f2', '7e80ddbd-881e-4206-bbde-06a473b66fc2', 'Chapter 21 TRP worksheet'),
('6a46aafc-e1ee-4d11-ac8b-e3fc90b12ecd', '09688225-bda0-4ce3-8813-b5b00dd89dca', 'Chapter 22 TRP worksheet'),
('657808a2-8e82-4501-95b7-dbb7929e7726', '544bda45-87bd-4018-82b2-3b5e8e034ce5', 'Chapter 23 TRP Worksheet'),
('38b8d20e-f7de-4cf4-99a1-6c218b7414b0', '8dc5d6e8-0237-40de-bde9-566e444bf324', 'Chapter 24 TRP worksheet'),
('5b56a8be-c352-4aef-957b-5bf68c0e8686', 'fb63e35c-6f46-4070-9ee3-8c8665c55c73', 'Chapter 25 TRP worksheet'),
('31dbff0f-5b8b-4868-8dfb-515edea4dd9f', '2c98ceba-cd84-44db-abe0-5a6d943fe4ed', 'Chapter 26 TRP worksheet'),
('9d2420fb-92f3-48f9-bd85-d1832209b3ef', '71303f50-d1e4-43e0-b428-ebb488f7f2aa', 'Chapter 27 TRP worksheet'),
('c46f576d-31ab-467f-82cf-4bcbcd4e8c72', '3bb0974d-9915-45c0-9919-72f3c79d4f3b', 'Chapter 28 TRP worksheet');

